{"cameraMode":{"drawMode":0,"name":"Shaded","section":"Shading Mode"},"sceneLighting":false,"audioPlay":false,"sceneViewState":{"m_AlwaysRefresh":true,"showFog":true,"showSkybox":true,"showFlares":true,"showImageEffects":true,"showParticleSystems":true,"showVisualEffectGraphs":true,"m_FxEnabled":true},"in2DMode":false,"pivot":{"x":-3.3573427200317385,"y":-4.798297882080078,"z":-1.0333976745605469},"rotation":{"x":0.035369567573070529,"y":-0.0344715416431427,"z":0.0012207361869513989,"w":0.9987785816192627},"size":67.00492858886719,"orthographic":true}