{"cameraMode":{"drawMode":0,"name":"Shaded","section":"Shading Mode"},"sceneLighting":false,"audioPlay":false,"sceneViewState":{"showFog":true,"showMaterialUpdate":true,"showSkybox":true,"showFlares":true,"showImageEffects":true,"showParticleSystems":true},"in2DMode":false,"pivot":{"x":-1.1207599639892579,"y":-2.2663345336914064,"z":78.85977935791016},"rotation":{"x":0.718664288520813,"y":0.0041720368899405,"z":-0.004312038421630859,"w":0.6953310966491699},"size":33.475990295410159,"orthographic":false}