{"cameraMode":{"drawMode":0,"name":"Shaded","section":"Shading Mode"},"sceneLighting":false,"audioPlay":false,"sceneViewState":{"showFog":true,"showMaterialUpdate":true,"showSkybox":false,"showFlares":true,"showImageEffects":true,"showParticleSystems":true},"in2DMode":false,"pivot":{"x":102.32642364501953,"y":-46.38327407836914,"z":-14.4930419921875},"rotation":{"x":0.4691861867904663,"y":-0.009272229857742787,"z":0.004926635883748531,"w":0.8830369710922241},"size":34.16116714477539,"orthographic":false}