{"cameraMode":{"drawMode":0,"name":"Shaded","section":"Shading Mode"},"sceneLighting":false,"audioPlay":false,"sceneViewState":{"showFog":true,"showMaterialUpdate":true,"showSkybox":false,"showFlares":true,"showImageEffects":true,"showParticleSystems":true},"in2DMode":false,"pivot":{"x":-1.5013142824172974,"y":-10.28307056427002,"z":14.722522735595704},"rotation":{"x":0.23041094839572907,"y":0.000585612840950489,"z":-0.00013863459753338248,"w":0.973093569278717},"size":36.613426208496097,"orthographic":false}