{"cameraMode":{"drawMode":0,"name":"Shaded","section":"Shading Mode"},"sceneLighting":false,"audioPlay":false,"sceneViewState":{"showFog":true,"showMaterialUpdate":true,"showSkybox":false,"showFlares":true,"showImageEffects":true,"showParticleSystems":true},"in2DMode":false,"pivot":{"x":115.27374267578125,"y":-21.429508209228517,"z":22.735366821289064},"rotation":{"x":0.4691861867904663,"y":-0.009272229857742787,"z":0.004926635883748531,"w":0.8830369710922241},"size":107.66094207763672,"orthographic":false}